sigma_v_mu,sigma_v_a,sigma_p,sigma_mu,attractor_active,beta,sp_active,sp_noise_variance
10000.0,1000.0,1,5000.0,0,0.01,1,0
Iteration,A_Shoulder,A_Elbow,A_dot_Shoulder,A_dot_Elbow,mu_Shoulder,mu_Elbow,sp_Shoulder,sp_Elbow,Ev attr,beta,last_vt,last_tt,cartesian_distance,rubb_Shoulder,rubb_Elbow
0,3.994812504970469e-07,1.3344980516194483e-08,1.9974062524852343e-05,6.672490258097241e-07,1.9974062524852343e-05,6.672490258097241e-07,0.0,0.0,[],0.01,-60,-60,0.15843412,-17.0,-10.0
1,1.190060162379325e-06,3.976036015596041e-08,3.952894559411391e-05,1.3207689819882962e-06,3.953693521907553e-05,1.321035881574062e-06,7.989624961624031e-09,2.6689958576575634e-10,[],0.01,-60,-60,0.15843412,-17.0,-10.0
2,2.3633720217119957e-06,7.897206373119748e-08,5.866559296663354e-05,1.9605851787618533e-06,5.869738379260525e-05,1.9616472854977474e-06,3.1790825971711456e-08,1.0621067358940195e-09,[],0.01,-60,-60,0.15843412,-17.0,-10.0
3,3.911074553748506e-06,1.3070621352195834e-07,7.73851266018255e-05,2.5867074895380426e-06,7.746418486931361e-05,2.5893490374073735e-06,7.905826748810796e-08,2.641547869330907e-09,[],0.01,-60,-60,0.15843412,-17.0,-10.0
4,5.824851005407084e-06,1.946898675059261e-07,9.568882258292888e-05,3.1991826991983885e-06,9.58461023401469e-05,3.2044383715401636e-06,1.5727975721802068e-07,5.255672341775153e-09,[],0.01,-60,-60,0.15843412,-17.0,-10.0
5,8.096408233093656e-06,2.706504418875655e-07,0.00011357786138432857,3.7980287190819695e-06,0.00011385163816157728,3.807178188708349e-06,2.737767772487132e-07,9.149469626379414e-09,[],0.01,-60,-60,0.15843412,-17.0,-10.0
6,1.071748955201457e-05,3.583166034176744e-07,0.00013105406594604574,4.383308076505443e-06,0.00013148977086530067,4.397870554839756e-06,4.3570491925493116e-07,1.4562478334312345e-08,[],0.01,-60,-60,0.15843412,-17.0,-10.0
7,1.3679865850697583e-05,4.5741745819338765e-07,0.00014811881493415058,4.955042738785664e-06,0.00014876886962156277,4.976771549536352e-06,6.500546874121937e-07,2.1728810750687444e-08,[],0.01,-60,-60,0.15843412,-17.0,-10.0
8,1.6976571393350073e-05,5.676794006320707e-07,0.00016483527713262447,5.513097121934152e-06,0.00016575892914261203,5.543974282318231e-06,9.236520099875634e-07,3.0877160384079616e-08,[],0.01,-60,-60,0.15843412,-17.0,-10.0
9,2.059942503297663e-05,6.888338649418958e-07,0.00018114268198132777,6.057723215491251e-06,0.00018240586541651282,6.099953964167071e-06,1.2631834351850557e-06,4.2230748675819996e-08,[],0.01,-60,-60,0.15843412,-17.0,-10.0
10,2.454026337478155e-05,8.206145699035661e-07,0.000197041917090246,6.589035248083519e-06,0.0001987170890060952,6.645042674335855e-06,1.6751719158492051e-06,5.600742625233579e-08,[],0.01,-60,-60,0.15843412,-17.0,-10.0
11,2.879098893505017e-05,9.627552550456332e-07,0.000212536278013431,7.107034257103351e-06,0.00021470225510711316,7.1794539735492435e-06,2.1659770936821587e-06,7.241971644589285e-08,[],0.01,-60,-60,0.15843412,-17.0,-10.0
12,3.33435476561661e-05,1.114991117219799e-06,0.00022762793605579645,7.611793108708298e-06,0.00023036973288981244,7.703467929331964e-06,2.741796834015986e-06,9.167482062366616e-08,[],0.01,-60,-60,0.15843412,-17.0,-10.0
13,3.818992688980672e-05,1.2770586527893758e-06,0.00024231896168203093,8.103376778478832e-06,0.00024572762958996464,8.217351421535568e-06,3.4086679079337046e-06,1.1397464305673566e-07,[],0.01,-60,-60,0.15843412,-17.0,-10.0
14,4.332755092878671e-05,1.4488544641438895e-06,0.00025688120194899966,8.589790567725686e-06,0.00026105366850970313,8.729306387067481e-06,4.1724665607034694e-06,1.3951581934179558e-07,[],0.01,-60,-60,0.15843417,-17.0,-10.0
15,4.874839561967548e-05,1.6301146771696696e-06,0.00027104223454443854,9.063010651289005e-06,0.00027608125219558133,9.23150355447433e-06,5.039017651142785e-06,1.684929031853244e-07,[],0.01,-60,-60,0.15843417,-17.0,-10.0
16,5.444449174252242e-05,1.8205771354190549e-06,0.00028480480614234693,9.523122912469262e-06,0.00029081879165460123,9.724218102746818e-06,6.013985512254294e-06,2.0109519027755596e-07,[],0.01,-60,-60,0.15843417,-17.0,-10.0
17,6.040792215504354e-05,2.019981216364042e-06,0.000298171520626056,9.970204047249354e-06,0.00030527439594152384,1.020771077264726e-05,7.102875315467827e-06,2.3750672539790685e-07,[],0.01,-60,-60,0.15843417,-17.0,-10.0
18,6.663082987802938e-05,2.2280679885683386e-06,0.0003111453861492919,1.0404338610214836e-05,0.00031945641967467964,1.068224494815695e-05,8.311033525387757e-06,2.7790633794211317e-07,[],0.01,-60,-60,0.15843417,-17.0,-10.0
19,7.310541493939838e-05,2.444580437355737e-06,0.0003237292530684499,1.0825622439369909e-05,0.000333372903696727,1.1148090152346413e-05,9.6436506282771e-06,3.224677129765041e-07,[],0.01,-60,-60,0.15843417,-17.0,-10.0
20,7.982393064526861e-05,2.6692636586461706e-06,0.0003359257852935116,1.1234161064521686e-05,0.00034703154415183235,1.160552037049456e-05,1.1105758858320769e-05,3.713593059728737e-07,[],0.01,-60,-60,0.15843417,-17.0,-10.0
21,8.677869953249485e-05,2.9018644815154152e-06,0.00034773844436131185,1.1630041143462222e-05,0.0003604406820159056,1.2054785713644378e-05,1.2702237654593773e-05,4.2474457018215617e-07,[],0.01,-60,-60,0.15843412,-17.0,-10.0
22,9.396201248751625e-05,3.1421127456782167e-06,0.00035916564775106963,1.201241320814006e-05,0.00037360345959314145,1.2495195051087649e-05,1.4437811842071824e-05,4.827818429475883e-07,[],0.01,-60,-60,0.15843412,-17.0,-10.0
23,0.00010136278067808038,3.390432775887687e-06,0.0003700384095282061,1.2416001510473507e-05,0.00038635546115983743,1.296162562880454e-05,1.631705163163133e-05,5.45624118331034e-07,[],0.01,-60,-60,0.15843412,-17.0,-10.0
24,0.00010897360054446638,3.6465641269672897e-06,0.00038054099331930047,1.280656755398013e-05,0.00039888530136522604,1.3420000357200479e-05,1.8344308045925573e-05,6.134328032203484e-07,[],0.01,-60,-60,0.15843412,-17.0,-10.0
25,0.00011678713779406993,3.910248655898952e-06,0.0003906768624801771,1.3184226446583125e-05,0.000411200641792675,1.3870590549913686e-05,2.0523779312497936e-05,6.863641033305612e-07,[],0.01,-60,-60,0.15843417,-17.0,-10.0
26,0.00012479612469110894,4.181230107434542e-06,0.0004004493448519497,1.3549072576779508e-05,0.00042330886662966805,1.4313641685248513e-05,2.2859521777718328e-05,7.645691084690043e-07,[],0.01,-60,-60,0.15843417,-17.0,-10.0
27,0.000132993087044504,4.459255542570985e-06,0.00040984811766975326,1.3901271756822098e-05,0.00043520356211956823,1.4749465492513991e-05,2.5355444449814968e-05,8.481937356918934e-07,[],0.01,-60,-60,0.15843417,-17.0,-10.0
28,0.0001413709106593686,4.744073342777823e-06,0.0004188911807432305,1.42408900103419e-05,0.0004469064861041261,1.5178268853333066e-05,2.801530536089558e-05,9.373788429911656e-07,[],0.01,-60,-60,0.1584346,-17.0,-10.0
29,0.0001499225512809588,5.0354345856079576e-06,0.00042758203107950976,1.4568062141506744e-05,0.0004584247535603936,1.560032248448806e-05,3.084272248088382e-05,1.032260342981317e-06,[],0.01,-60,-60,0.1584346,-17.0,-10.0
30,0.00015864103917852647,5.333092776965144e-06,0.0004359243948783842,1.4882909567859315e-05,0.00046976556859590346,1.601587860022846e-05,3.384117371751927e-05,1.1329690323691466e-06,[],0.01,-60,-60,0.1584346,-17.0,-10.0
31,0.00016751948552997222,5.636803457747531e-06,0.0004439223175722873,1.5185534039119375e-05,0.0004809363108506659,1.6425164972133643e-05,3.701399327837862e-05,1.2396309330142685e-06,[],0.01,-60,-60,0.15843464,-17.0,-10.0
32,0.0001765510777652324,5.946325034330014e-06,0.00045157961176300887,1.5476078829124162e-05,0.000491943994347821,1.682844583683618e-05,4.036438258481212e-05,1.3523670077120187e-06,[],0.01,-60,-60,0.15843464,-17.0,-10.0
33,0.00018572907843850576,6.2614185580117675e-06,0.00045890003366366727,1.5754676184087657e-05,0.0005027954384786426,1.7225969742185043e-05,4.3895404814975336e-05,1.4712935580973863e-06,[],0.01,-60,-60,0.15843423,-17.0,-10.0
34,0.00019504682990305615,6.5818477142159946e-06,0.00046588757322751917,1.602145781021136e-05,0.0005134975581313483,1.761797969379586e-05,4.760998490382917e-05,1.5965218835845008e-06,[],0.01,-60,-60,0.15843423,-17.0,-10.0
35,0.00020449775467501046,6.907378579200098e-06,0.0004725462385977153,1.6276543249205133e-05,0.0005240571590547916,1.8004702099005954e-05,5.151092045707628e-05,1.7281588498008205e-06,[],0.01,-60,-60,0.15843464,-17.0,-10.0
36,0.000214075362745696,7.23778029535549e-06,0.0004788804035342764,1.6520085807769647e-05,0.0005344812780094799,1.838639224160943e-05,5.5600874475203454e-05,1.8663064338397817e-06,[],0.01,-60,-60,0.15843464,-17.0,-10.0
37,0.0002237732367750667,7.572824382265365e-06,0.00048489370146853616,1.6752204345493737e-05,0.0005447760840979754,1.876326629712821e-05,5.9882382629439235e-05,2.011061951634474e-06,[],0.01,-60,-60,0.1584347,-17.0,-10.0
38,0.00023358504611611157,7.912285386993402e-06,0.0004905904670522432,1.6973050236401832e-05,0.0005549483130380395,1.9135568749106824e-05,6.43578459857963e-05,2.1625185127049917e-06,[],0.01,-60,-60,0.1584347,-17.0,-10.0
39,0.0002435045422491911,8.25594041057809e-06,0.000495974806653976,1.71827511792344e-05,0.0005650043558489415,1.950351540358497e-05,6.902954919496551e-05,2.320764224350569e-06,[],0.01,-60,-60,0.1584347,-17.0,-10.0
40,0.00025352556040093794,8.603569550274528e-06,0.0005010509075873415,1.7381456984821853e-05,0.0005749505462517845,1.9867339972279296e-05,7.389963866444305e-05,2.485882987457444e-06,[],0.01,-60,-60,0.1584347,-17.0,-10.0
41,0.00026364202370974263,8.954955686960032e-06,0.0005058231654402334,1.7569306834275267e-05,0.0005847933171025943,2.022726121708729e-05,7.897015166236088e-05,2.6579543828120222e-06,[],0.01,-60,-60,0.1584347,-17.0,-10.0
42,0.0002738479396969141,9.309884569262407e-06,0.0005102957993585733,1.774644411511872e-05,0.0005945387938481872,2.058349755884592e-05,8.424299448961392e-05,2.8370534437272e-06,[],0.01,-60,-60,0.1584347,-17.0,-10.0
43,0.0002841373991207164,9.668144820949577e-06,0.0005144729711901164,1.7913012584358512e-05,0.000604192920945934,2.0936263695148227e-05,8.971994975581765e-05,3.0232511107897153e-06,[],0.01,-60,-60,0.1584347,-17.0,-10.0
44,0.0002945045803601332,1.0029528167734837e-05,0.0005183590619708411,1.8069167339263004e-05,0.0006137617601780221,2.1285781343749477e-05,9.540269820718095e-05,3.2166140044864733e-06,[],0.01,-60,-60,0.15843481,-17.0,-10.0
45,0.00030494375021522307,1.0393829118385268e-05,0.0005219584927544929,1.8215047532521567e-05,0.0006232512823771685,2.1632252185099787e-05,0.00010129278962267563,3.4172046525782207e-06,[],0.01,-60,-60,0.15843481,-17.0,-10.0
46,0.00031544926410720825,1.07608452267699e-05,0.0005252756945992587,1.835080541923162e-05,0.000632667359241168,2.197588668195749e-05,0.0001073916646419093,3.625081262725871e-06,[],0.01,-60,-60,0.15843481,-17.0,-10.0
47,0.0003260154284537365,1.1130377868909248e-05,0.000528308217326412,1.8476632106967372e-05,0.0006420088648155797,2.2316930284205228e-05,0.00011370064748916775,3.840298177237855e-06,[],0.01,1.0166668,-60,0.15843481,-17.0,-10.0
48,0.0003366367738992793,1.1502230572347229e-05,0.0005310672722771415,1.859263517189902e-05,0.000651288225526514,2.2655540817595465e-05,0.00012022095324937254,4.062905645696446e-06,[],0.01,1.0166668,-60,0.15843524,-17.0,-10.0
49,0.0003484189120893078,1.1915871201296226e-05,0.0005891069095014245,2.0682031447449845e-05,0.0007160605973695056,2.497498149978128e-05,0.00012695368786808103,4.2929500523314346e-06,[],0.03818399262370272,1.0166668,1.0512309,0.15843524,-17.0,-10.0
50,0.0003613320994911718,1.2370304191023363e-05,0.000645659370093199,2.272164948635691e-05,0.0007795814317432814,2.725291716387801e-05,0.00013392206165008247,4.5312676775211e-06,[],0.038183983,1.0166668,1.0512309,0.15843529,-17.0,-10.0
51,0.00037534572047594146,1.286450275839013e-05,0.000700681049238483,2.4709928368338296e-05,0.0008418297520620399,2.948860225160388e-05,0.00014114870282355696,4.778673883265583e-06,[],0.03818396,1.0166668,1.0512309,0.15843524,-17.0,-10.0
52,0.0003904315322499841,1.3397417642096456e-05,0.0007542905887021334,2.664574418531629e-05,0.0009029462025864632,3.168170820799787e-05,0.0001486556138843298,5.035964022681583e-06,[],0.038183916,1.0166668,1.0512309,0.15843524,-17.0,-10.0
53,0.0004065593039370086,1.3968035082967958e-05,0.0008063885843512253,2.8530872043575073e-05,0.0009628528287066729,3.383478457408273e-05,0.0001564642443554476,5.3039125305076595e-06,[],0.03818384,1.0166668,1.0512309,0.15843529,-17.0,-10.0
54,0.00042369910741332014,1.4575346187626905e-05,0.000856990173815575,3.0365555232947372e-05,0.0010215856063950923,3.5948828610798955e-05,0.00016459543257951736,5.583273377851583e-06,[],0.038183726,1.0166668,1.0512309,0.15843534,-17.0,-10.0
55,0.0004418245270965216,1.5218563792956388e-05,0.0009062709841600736,3.216088026647412e-05,0.0010793404044306953,3.8035660338664457e-05,0.00017306942027062178,5.874780072190333e-06,[],0.038183566,1.0166668,1.0512309,0.15843576,-17.0,-10.0
56,0.0004609233505100364,1.589659644619712e-05,0.0009549411706757382,3.390163266203672e-05,0.0011368470813977183,4.008078423112238e-05,0.00018190591072198004,6.179151569085661e-06,[],0.038183354,1.0166668,1.0512309,0.15843576,-17.0,-10.0
57,0.0004809659626873853,1.660845078359341e-05,0.0010021306088674464,3.559271686981447e-05,0.0011932549832636141,4.208980050179889e-05,0.0001911243743961677,6.497083631984424e-06,[],0.038183082,1.0166668,1.0512309,0.15843576,-17.0,-10.0
58,0.0005019230340979065,1.7353140790106747e-05,0.0010478535705260583,3.7234500325666886e-05,0.0012485972702052095,4.4063752795864275e-05,0.00020074369967915118,6.829252470197389e-06,[],0.038182743,1.0166668,1.0512309,0.15843576,-17.0,-10.0
59,0.0005237655034754952,1.8129689272797234e-05,0.0010921234688794357,3.8827424134524335e-05,0.001302905632655893,4.600373932817092e-05,0.0002107821637764573,7.1763151936465874e-06,[],0.038182326,1.0166668,1.0512309,0.15843582,-17.0,-10.0
60,0.0005464645816748615,1.8937125227836417e-05,0.001134953909968317,4.037179775195909e-05,0.001356211386337236,4.7910706655329705e-05,0.00022125747636891901,7.538908903370611e-06,[],0.038181826,1.0166668,1.0512309,0.15843582,-17.0,-10.0
61,0.0005699920381987411,1.9774561822856752e-05,0.0011763728261939832,4.1871829751016776e-05,0.0014085595912547433,4.978948135203609e-05,0.00023218676506076008,7.917651601019315e-06,[],0.038181234,1.0166668,1.0512309,0.15843587,-17.0,-10.0
62,0.0005943193953855897,2.0641040266269896e-05,0.0012163678593424265,4.332392217065717e-05,0.0014599544638258521,5.163706481425834e-05,0.00024358660448342562,8.313142643601168e-06,[],0.038180545,1.0166668,1.0512309,0.15843587,-17.0,-10.0
63,0.0006194180382765425,2.153573892965721e-05,0.001254932144547638,4.473493316936583e-05,0.0015104051317393896,5.346089636759643e-05,0.0002554729871917516,8.725963198230602e-06,[],0.038179748,1.0166668,1.0512309,0.15843634,-17.0,-10.0
64,0.0006452443000664588,2.2455941909498844e-05,0.0012913130894958158,4.601014899208167e-05,0.0015591744422636111,5.5166827053199086e-05,0.0002678613527677953,9.156678061117418e-06,[],0.03817884,1.0166668,1.0512309,0.15843634,-17.0,-10.0
65,0.0006717712549827937,2.3400753053380297e-05,0.0013263477458167472,4.724055719407261e-05,0.001607113969839702,5.684635374336722e-05,0.0002807662240229547,9.60579654929461e-06,[],0.038177807,1.0166668,1.0512309,0.1584364,-17.0,-10.0
66,0.0006989722634164154,2.436928426701013e-05,0.0013600504216810805,4.842656068149154e-05,0.0016542520797884208,5.8500372290382074e-05,0.00029420165810734034,1.0073811608890537e-05,[],0.038176645,1.0166668,1.0512309,0.1584364,-17.0,-10.0
67,0.0007268212369847405,2.5360647860822038e-05,0.0013924486784162582,4.956817969059557e-05,0.0017006297794068814,6.0129376777240395e-05,0.00030818110099062324,1.0561197086644825e-05,[],0.03817535,1.0166668,1.0512309,0.1584365,-17.0,-10.0
68,0.0007552921132075953,2.6373973361984437e-05,0.0014235438111427356,5.0666275058119936e-05,0.0017462613441239228,6.17346855165124e-05,0.0003227175329811871,1.1068410458392464e-05,[],0.038173907,1.0166668,1.0512309,0.15843694,-17.0,-10.0
69,0.0007843594613762051,2.740839183925925e-05,0.0014533674084304948,5.172092386374061e-05,0.0017911907898451318,6.331681396432032e-05,0.00033782338141463697,1.1595890100579709e-05,[],0.038172312,1.0166668,1.0512309,0.15843694,-17.0,-10.0
70,0.0008139978354295253,2.8463051030172548e-05,0.0014819187026660074,5.2732959545664926e-05,0.0018354292815274675,6.487701756441311e-05,0.0003535105788614601,1.2144058018748183e-05,[],0.038170557,1.0166668,1.0512309,0.15843694,-17.0,-10.0
71,0.0008441874650627669,2.953728371804243e-05,0.0015094814816620783,5.371163439349402e-05,0.0018792720156852738,6.64249533315342e-05,0.0003697905340231955,1.2713318938040175e-05,[],0.038168635,1.0166668,1.0512309,0.15843704,-17.0,-10.0
72,0.000874903405455605,3.063025271299591e-05,0.0015357970196419046,5.464844974767402e-05,0.001922471296893491,6.795251459834617e-05,0.0003866742772515863,1.3304064850672148e-05,[],0.038166538,1.0166668,1.0512309,0.15843709,-17.0,-10.0
73,0.000906121014540311,3.1741129790504034e-05,0.0015608804542353028,5.554385387540606e-05,0.0019650527983685606,6.946052343437259e-05,0.00040417234413325787,1.3916669558966532e-05,[],0.038164258,1.0166668,1.0512309,0.15843752,-17.0,-10.0
74,0.0009378159811597088,3.2869097530834896e-05,0.0015847483309698873,5.6398387016542983e-05,0.002007043106459605,7.094987932987351e-05,0.0004222947754897177,1.4551492313330527e-05,[],0.038161788,1.0166668,1.0512309,0.15843756,-17.0,-10.0
75,0.0009699642656226005,3.401336456673233e-05,0.0016074142231445876,5.7213351794871414e-05,0.002048465311418113,7.242222596914871e-05,0.00044105108827352524,1.5208874174277298e-05,[],0.03815912,1.0166668,1.0512309,0.15843756,-17.0,-10.0
76,0.0010025472144109316,3.517289612287312e-05,0.0016291474394165562,5.7976577807039575e-05,0.002089597802296339,7.386571945744436e-05,0.0004604503628797829,1.588914165040478e-05,[],0.03815625,1.0166668,1.0512309,0.15843756,-17.0,-10.0
77,0.0010355413665631731,3.6346907109788286e-05,0.001649707607612072,5.870054934575819e-05,0.0021302089089658693,7.529314876819626e-05,0.0004805013013537973,1.659259942243807e-05,[],0.038153164,1.0166668,1.0512309,0.1584381,-17.0,-10.0
78,0.0010689235761667604,3.753462162390532e-05,0.00166911048017937,5.9385725705851655e-05,0.0021703226202589576,7.670526241554398e-05,0.0005012121400795877,1.731953670969233e-05,[],0.038149856,1.0166668,1.0512309,0.15843816,-17.0,-10.0
79,0.0011026710313483436,3.873527345913898e-05,0.0016873727590791532,6.003259176168285e-05,0.0022099633506513783,7.810282176023975e-05,0.0005225905915722251,1.8070229998556897e-05,[],0.03814632,1.0166668,1.0512309,0.15843858,-17.0,-10.0
80,0.0011367613700342717,3.9947999880183847e-05,0.0017045169342964073,6.063632105224315e-05,0.0022491609533972223,7.948125681878082e-05,0.0005446440191008151,1.8844935766537674e-05,[],0.03814255,1.0166668,1.0512309,0.15843864,-17.0,-10.0
81,0.001171172422963771,4.117205780485746e-05,0.001720552646474971,6.12028962336808e-05,0.0022879318794366554,8.084679217290613e-05,0.0005673792329616845,1.964389593922533e-05,[],0.03813854,1.0166668,1.0512309,0.15843911,-17.0,-10.0
82,0.0012058823489489968,4.2406714823897706e-05,0.0017354962992612855,6.173285095201209e-05,0.00232629899346648,8.22001888423074e-05,0.0005908026942051947,2.0467337890295312e-05,[],0.038134273,1.0166668,1.0512309,0.15843922,-17.0,-10.0
83,0.0012408696426603073,4.365124911228704e-05,0.0017493646855655243,6.222671441946659e-05,0.0023642850255782832,8.354218704198502e-05,0.000614920340012759,2.1315472622518428e-05,[],0.03812975,1.0166668,1.0512309,0.15843922,-17.0,-10.0
84,0.0012761131209474642,4.490494941788383e-05,0.0017621739143578452,6.268501527983972e-05,0.00240191167267767,8.487351368557938e-05,0.0006397377583198249,2.2188498405739665e-05,[],0.038124964,1.0166668,1.0512309,0.15843932,-17.0,-10.0
85,0.0013115919408112477,4.6167114070073144e-05,0.0017739409931891714,6.310823260946563e-05,0.0024392010063820635,8.619482974836501e-05,0.0006652600131928921,2.308659713889938e-05,[],0.038119905,1.0166668,1.0512309,0.1584398,-17.0,-10.0
86,0.001347285584487743,4.7437052644142016e-05,0.0017846821838247706,6.34969287034437e-05,0.002476174061484926,8.75068685104452e-05,0.0006914918776601553,2.40099398070015e-05,[],0.038114563,1.0166668,1.0512309,0.15843986,-17.0,-10.0
87,0.0013831735468004425,4.871410903288633e-05,0.0017943981156349764,6.385281943721566e-05,0.0025128357165158377,8.881150046136099e-05,0.0007184376008808613,2.4958681024145335e-05,[],0.03810893,1.0166668,1.0512309,0.15844029,-17.0,-10.0
88,0.0014192359747169192,4.9997613193369395e-05,0.0018031213958238368,6.417520802415311e-05,0.002549222478592128,9.010817069565746e-05,0.0007461010827682912,2.5932962671504356e-05,[],0.038103003,1.0166668,1.0512309,0.15844029,-17.0,-10.0
89,0.0014554537286123903,5.12869105349695e-05,0.0018108876947735553,6.44648670800052e-05,0.0025853735105556552,9.139778279632083e-05,0.0007744858157821,2.693291571631562e-05,[],0.038096774,1.0166668,1.0512309,0.15844044,-17.0,-10.0
90,0.001491807609781297,5.2581352251451244e-05,0.0018176940584453405,6.472208582408712e-05,0.0026212889433736564,9.268074057899867e-05,0.0008035948849283159,2.795865475491155e-05,[],0.038090233,1.0166668,1.0512309,0.15844044,-17.0,-10.0
91,0.0015282787481730863,5.3880300364113646e-05,0.001823556919589464,6.494740563312007e-05,0.002656987945556466,9.395768728381881e-05,0.0008334310259670019,2.9010281650698744e-05,[],0.038083375,1.0166668,1.0512309,0.15844092,-17.0,-10.0
92,0.0015648486043567187,5.518312734207612e-05,0.0018284928091816255,6.51413488981234e-05,0.002692489434593881,9.522923625127078e-05,0.0008639966254122555,3.008788735314738e-05,[],0.03807619,1.0166668,1.0512309,0.15844141,-17.0,-10.0
93,0.0016014989672651224,5.648921675029342e-05,0.001832518145420181,6.530447041086518e-05,0.002727811749537068,9.649602048966699e-05,0.0008952936041168869,3.119155007880181e-05,[],0.03806867,1.0166668,1.0512309,0.15844145,-17.0,-10.0
94,0.0016382119572510945,5.779796204902268e-05,0.0018356494992985972,6.543726493646318e-05,0.0027629730911939987,9.775860024774374e-05,0.0009273235918954015,3.2321335311280563e-05,[],0.03806081,1.0166668,1.0512309,0.15844162,-17.0,-10.0
95,0.0016749700105895115,5.9108767714775605e-05,0.0018379026669208542,6.554028328764616e-05,0.002797990478029533,9.90175790889225e-05,0.0009600878111086786,3.347729580127634e-05,[],0.038052604,1.0166668,1.0512309,0.15844166,-17.0,-10.0
96,0.0017117516006321764,6.042051151521846e-05,0.0018390795021332451,6.558719002214275e-05,0.002832666695212538,0.00010024666158869877,0.0009935871930792928,3.465947156655602e-05,[],0.038044043,1.0166668,1.0512309,0.15844257,-17.0,-10.0
97,0.001748539933886839,6.17326302161986e-05,0.0018394166627331288,6.56059350490068e-05,0.002867238924409321,0.00010147381584602044,0.0010278222616761923,3.586788079701364e-05,[],0.038035117,1.0166668,1.0512309,0.15844263,-17.0,-10.0
98,0.0017853185510459824,6.304457112460696e-05,0.0018389308579571662,6.5597045420418e-05,0.002901723933064204,0.00010269957982700362,0.001062793075107038,3.710253440658562e-05,[],0.038025822,1.0166668,1.0512309,0.15844274,-17.0,-10.0
99,0.0018220713105431587,6.435579267500216e-05,0.0018376379748588079,6.556107751976015e-05,0.002936137375399994,0.00010392450263907449,0.0010984994005411863,3.836342511931434e-05,[],0.038016148,1.0166668,1.0512309,0.15844278,-17.0,-10.0
100,0.0018587815280982412,6.566567988980423e-05,0.0018355108777541318,6.549436074010373e-05,0.0029704516500714817,0.00010514490276136712,0.00113494077231735,3.965054202126339e-05,[],0.03800609,1.0166668,1.0512309,0.1584438,-17.0,-10.0
101,0.0018954337302959702,6.697371329747184e-05,0.0018326101098864456,6.54016703833804e-05,0.0030047264854147215,0.00010636552639198271,0.001172116375528276,4.0963856008602306e-05,[],0.03799564,1.0166668,1.0512309,0.1584438,-17.0,-10.0
102,0.001932012762844586,6.827938503616352e-05,0.001828951627430797,6.528358693458358e-05,0.0030389766734515433,0.0001075869176361266,0.0012100250460207462,4.230333070154302e-05,[],0.037984792,1.0166668,1.0512309,0.1584439,-17.0,-10.0
103,0.0019684960248735096,6.958244555190177e-05,0.0018241631014461746,6.515302578691262e-05,0.0030728283718417515,0.00010882194459327366,0.001248665270395577,4.3668918806361035e-05,[],0.037973538,1.0166668,1.0512309,0.158444,-17.0,-10.0
104,0.0020049199589623258,7.088662335687004e-05,0.0018211967044408084,6.520889024841381e-05,0.0031092318904484273,0.00011026945600178806,0.001288035186007619,4.506056575337425e-05,[],0.037961867,1.0166668,1.0512309,0.15844485,-17.0,-10.0
105,0.0020412693740756893,7.219134795005302e-05,0.0018174707556681824,6.52362296591491e-05,0.003145604384371836,0.00011171452666758341,0.0013281336287036538,4.647829700843431e-05,[],0.03794978,1.0166668,1.0512309,0.15844496,-17.0,-10.0
106,0.0020775294064508286,7.349605874392764e-05,0.0018130016187569709,6.523553969373097e-05,0.003181960587426147,0.00011315766317920861,0.001368958968669176,4.792212348547764e-05,[],0.03793726,1.0166668,1.0512309,0.15844508,-17.0,-10.0
107,0.002113685521198256,7.480020666062628e-05,0.0018078057373713818,6.520739583493196e-05,0.003218315313461062,0.0001145994410194362,0.0014105095760896802,4.939204518450424e-05,[],0.03792431,1.0166668,1.0512309,0.15844597,-17.0,-10.0
108,0.002149723484944168,7.61032530701017e-05,0.001801898187295592,6.51523204737714e-05,0.0032546814263696433,0.00011604036802737028,0.0014527832390740514,5.088804755359888e-05,[],0.037910912,1.0166668,1.0512309,0.15844607,-17.0,-10.0
109,0.0021856278129228097,7.740454063505821e-05,0.001795216398932098,6.506437824782552e-05,0.003290994144663273,0.00011747449065069304,0.001495777745731175,5.2410112402867526e-05,[],0.03789707,1.0166668,1.0512309,0.15844661,-17.0,-10.0
110,0.0022214393436290787,7.870431630149723e-05,0.0017905765353134484,6.49887833219509e-05,0.0033300668374067754,0.00011894698667447301,0.001539490302093327,5.3958203352522105e-05,[],0.037882768,1.0166668,1.0512309,0.15844671,-17.0,-10.0
111,0.002257143574478739,8.000205907902127e-05,0.0017852115424830117,6.488713887620179e-05,0.00336913058799837,0.00012041943017493395,0.0015839190455153584,5.553229129873216e-05,[],0.037868004,1.0166668,1.0512309,0.15844725,-17.0,-10.0
112,0.0022927263191006727,8.129725754056962e-05,0.0017791372310966835,6.475992307741762e-05,0.00340819911161816,0.00012189225566316964,0.0016290618805214763,5.713233258575201e-05,[],0.037852768,1.0166668,1.0512309,0.15844779,-17.0,-10.0
113,0.002328173695986386,8.258941078648276e-05,0.0017723688442856655,6.460766229565706e-05,0.0034472852066755877,0.00012336593857753542,0.0016749163623899221,5.875827628187835e-05,[],0.037837055,1.0166668,1.0512309,0.1584478,-17.0,-10.0
114,0.002363472141222935,8.387802946086266e-05,0.0017649222618274507,6.443093371899522e-05,0.0034864020753957448,0.0001248409978984455,0.001721479813568294,6.0410064179450274e-05,[],0.037820853,1.0166668,1.0512309,0.15844837,-17.0,-10.0
115,0.0023986083948141254,8.516263416905202e-05,0.0017568126795595163,6.423023540946815e-05,0.0035255618868177407,0.00012631785892835978,0.0017687492072582245,6.208762351889163e-05,[],0.037804164,1.0166668,1.0512309,0.15844847,-17.0,-10.0
116,0.002433618120521039,8.644248611258844e-05,0.001750486285345687,6.399259717682071e-05,0.003567207685591711,0.00012778347144148938,0.0018167214002460241,6.379087426466867e-05,[],0.037786976,1.0166668,1.0512309,0.15844901,-17.0,-10.0
117,0.002468487548739411,8.771713016668071e-05,0.0017434714109185734,6.373220270461388e-05,0.0036088651258978643,0.0001292519245339463,0.001865393714979291,6.551972182933241e-05,[],0.03776928,1.0166668,1.0512309,0.15844956,-17.0,-10.0
118,0.002503203234518203,8.89861228389749e-05,0.0017357842889396125,6.344963361470946e-05,0.0036505477628452354,0.0001307236979641857,0.001914763473905623,6.727406434947625e-05,[],0.03775107,1.0166668,1.0512309,0.15844956,-17.0,-10.0
119,0.0025377548446879313,9.02493376255792e-05,0.001727580508486426,6.316073933021471e-05,0.0036924080422977568,0.00013221452473999307,0.001964827533811331,6.905378540977836e-05,[],0.037732344,1.0166668,1.0512309,0.15845007,-17.0,-10.0
120,0.0025721294810130144,9.150634438324813e-05,0.0017187318162541487,6.285033788344663e-05,0.00373431433490623,0.00013370911375432115,0.0020155825186520815,7.085877587087452e-05,[],0.03771309,1.0166668,1.0512309,0.15845063,-17.0,-10.0
121,0.00260631708964798,9.275692357132938e-05,0.0017093804317482864,6.252895940406233e-05,0.0037764054841318284,0.00013521786416959003,0.002067025052383542,7.26889047655277e-05,[],0.037693307,1.0166668,1.0512309,0.15845115,-17.0,-10.0
122,0.002640306126703997,9.40007124605985e-05,0.0016994518528008484,6.218944446345631e-05,0.0038186032625162625,0.00013673348558995713,0.002119151409715414,7.454404112650082e-05,[],0.03767298,1.0166668,1.0512309,0.15845132,-17.0,-10.0
123,0.0026740870711539693,9.52372824084763e-05,0.0016890472224986297,6.182849739388985e-05,0.003861004855025385,0.00013825255138044668,0.0021719576325267553,7.642405398655683e-05,[],0.037652113,1.0166668,1.0512309,0.1584519,-17.0,-10.0
124,0.002707648077156825,9.646623903304896e-05,0.001678050300142786,6.144783122863373e-05,0.0039034895971781225,0.00013977662905517718,0.0022254392970353365,7.832879782654345e-05,[],0.037630692,1.0166668,1.0512309,0.15845233,-17.0,-10.0
125,0.0027409739760871684,9.76871459155576e-05,0.001666294946517155,6.104534412543217e-05,0.003945887158806727,0.00014130346397678295,0.0022795922122895718,8.025811985135078e-05,[],0.037608713,1.0166668,1.0512309,0.15845291,-17.0,-10.0
126,0.00277405362183277,9.889962975390187e-05,0.001653982287280087,6.0624191917213466e-05,0.003988394008956675,0.00014283605190712478,0.002334411721676588,8.221185998991132e-05,[],0.037586167,1.0166668,1.0512309,0.15845306,-17.0,-10.0
127,0.0028068835070182625,0.00010010328139370028,0.0016414942592746229,6.0182581989920436e-05,0.004031386962196848,0.00014437243288512036,0.002389892702922225,8.418985089519992e-05,[],0.03756305,1.0166668,1.0512309,0.15845355,-17.0,-10.0
128,0.002839452894003677,0.00010129774835573368,0.0016284693492707447,5.9723348101670126e-05,0.0040744996158537106,0.000145915266045904,0.002446030266582966,8.619191794423386e-05,[],0.03753935,1.0166668,1.0512309,0.15845414,-17.0,-10.0
129,0.0028718176678187383,0.00010249080142185118,0.00161823869075306,5.965265330587499e-05,0.00412105798113771,0.00014787052526799016,0.0025028192903846502,8.821787196211517e-05,[],0.03751507,1.0166668,1.0512309,0.15845461,-17.0,-10.0
130,0.002903966118973819,0.00010368193431273209,0.0016074225577540346,5.955664454404541e-05,0.004167678141129727,0.0001498243356650164,0.0025602555833756924,9.0267691120971e-05,[],0.0374902,1.0166668,1.0512309,0.1584552,-17.0,-10.0
131,0.0029358844699338598,0.0001048705872616723,0.0015959175480020349,5.943264744701082e-05,0.004214252502606541,0.00015177397921206648,0.0026183349546045065,9.234133176505566e-05,[],0.03746473,1.0166668,1.0512309,0.1584553,-17.0,-10.0
132,0.0029675616494562354,0.00010605627486225454,0.0015838589761187905,5.928438002911207e-05,0.00426091172357701,0.00015372312299177793,0.0026770527474582195,9.443874296266586e-05,[],0.037438657,1.0166668,1.0512309,0.15845627,-17.0,-10.0
133,0.0029989868824297963,0.00010723852251740606,0.0015712616486780462,5.911238275757569e-05,0.004307665721171361,0.00015567224926371637,0.0027364040724933147,9.655986650614068e-05,[],0.037411973,1.0166668,1.0512309,0.15845641,-17.0,-10.0
134,0.0030301496946769993,0.00010841686443851028,0.0015581406123601482,5.8917096055211005e-05,0.00435452441979578,0.0001576217329670726,0.0027963838074356318,9.87046369118616e-05,[],0.037384674,1.0166668,1.0512309,0.15845698,-17.0,-10.0
135,0.0030610429018445365,0.00010959107019144208,0.0015446603583768592,5.8710287646590587e-05,0.004401647188387869,0.00015958326179088544,0.00285698683001101,0.00010087297414429486,[],0.037356753,1.0166668,1.0512309,0.15845749,-17.0,-10.0
136,0.003091655164206947,0.00011076067300987812,0.0015306131181205274,5.848014092180165e-05,0.004448820903235173,0.00016154493908970835,0.002918207785114646,0.0001030647981679067,[],0.037328202,1.0166668,1.0512309,0.1584577,-17.0,-10.0
137,0.003121976734018296,0.00011192524380331302,0.0015160784905674518,5.822853967174524e-05,0.0044961193425479,0.00016350855406699338,0.0029800408519804478,0.00010528001439524814,[],0.03729902,1.0166668,1.0512309,0.15845862,-17.0,-10.0
138,0.003151998209722712,0.00011308435187143583,0.0015010737852207967,5.795540340614025e-05,0.004543554227893765,0.00016547392436905284,0.003042480442672968,0.00010751852096291259,[],0.037269194,1.0166668,1.0512309,0.15845868,-17.0,-10.0
139,0.003181710458247159,0.00011423757518596754,0.0014856124262223602,5.766116572658575e-05,0.004591132929817832,0.00016744137445812157,0.0031055205035954714,0.00010978020873153582,[],0.03723872,1.0166668,1.0512309,0.15845932,-17.0,-10.0
140,0.003211104986075276,0.00011538448710749104,0.0014697263914058567,5.734559607617484e-05,0.004638881139726436,0.00016941055736197086,0.0031691547483205795,0.00011206496128579602,[],0.037207596,1.0166668,1.0512309,0.15845984,-17.0,-10.0
141,0.0032401740774905706,0.0001165246937293035,0.001453454570764734,5.701033109062337e-05,0.004686831461185648,0.00017138297874907948,0.0032333768904209137,0.00011437264765845612,[],0.037175816,1.0166668,1.0512309,0.15846048,-17.0,-10.0
142,0.0032689093872606974,0.00011765780214059883,0.001436765488506353,5.6655420564766246e-05,0.004734945899144805,0.00017335856472300293,0.0032981804106384516,0.00011670314415823668,[],0.037143372,1.0166668,1.0512309,0.15846102,-17.0,-10.0
143,0.0032973028411827326,0.00011878342880746128,0.0014196726961017703,5.628133334312224e-05,0.0047832312529862975,0.00017533763133315006,0.003363558556884527,0.00011905629799002782,[],0.03711026,1.0166668,1.0512309,0.1584615,-17.0,-10.0
144,0.003325346279124693,0.00011990120517990032,0.0014021718970980146,5.588881862195194e-05,0.004831676474168489,0.00017732078225662917,0.0034295045770704746,0.00012143196363467723,[],0.037076473,1.0166668,1.0512309,0.15846214,-17.0,-10.0
145,0.003353092735905426,0.0001210097799943527,0.001387322839036642,5.5428740722618386e-05,0.004883334325313626,0.00017925872901969342,0.003496011486276984,0.00012382998829707503,[],0.037042007,1.0166668,1.0512309,0.15846261,-17.0,-10.0
146,0.003380533459421036,0.00012210882003014956,0.0013720361757805222,5.495200178984305e-05,0.004935109406687843,0.00018120219186812392,0.003563073230907321,0.00012625019007828087,[],0.037006855,1.0166668,1.0512309,0.15846325,-17.0,-10.0
147,0.0034076830509905047,0.0001231849396034762,0.0013574795784734306,5.380597866633252e-05,0.004988163568668824,0.00018249834391781405,0.0036306839901953936,0.00012869236525148153,[],0.036971014,3.016667,1.0512309,0.15846379,-17.0,-10.0
148,0.0034345327840485476,0.00012423810101577724,0.0013424866529021529,5.2658070615052566e-05,0.00504132436344662,0.00018381413332235752,0.003698837710544467,0.00013115606270730495,[],0.036934476,3.016667,1.0512309,0.15846431,-17.0,-10.0
149,0.003465088293286731,0.00012538731598252194,0.0015277754619091866,5.746074833723469e-05,0.005295303800266993,0.00019110157967361374,0.003767528338357806,0.00013364083133637905,[],0.13081329173918574,3.016667,3.0529518,0.15846495,-17.0,-10.0
150,0.0034992345784114654,0.00012663024098142738,0.0017073142562367138,6.214624994527185e-05,0.005544144402847451,0.0001982948273848706,0.003836830146610737,0.00013614857743959874,[],0.13081326,3.016667,3.0529518,0.15846549,-17.0,-10.0
151,0.00353684129267936,0.0001279633529028673,0.001880335713394743,6.665559607199611e-05,0.005787150560536247,0.0002053367742860246,0.003906814847141504,0.00013868117821402848,[],0.13081318,3.016667,3.0529518,0.15846564,-17.0,-10.0
152,0.0035777040518216886,0.00012938353053382922,0.0020431379571164143,7.100888154809581e-05,0.006020689547767688,0.00021224933419716763,0.003977551590651274,0.0001412404526490718,[],0.13081303,3.016667,3.0529518,0.15846665,-17.0,-10.0
153,0.0036216926959416517,0.00013088600723986597,0.002199432205998164,7.512383530183797e-05,0.006248537775718432,0.00021895195317256366,0.004049105569720268,0.0001438281178707257,[],0.13081278,3.016667,3.0529518,0.15846682,-17.0,-10.0
154,0.0036686863742936616,0.00013246827347043687,0.002349683917600487,7.911331152854473e-05,0.006471223566222761,0.00022555914432587088,0.004121539648622274,0.00014644583279732615,[],0.1308124,3.016667,3.0529518,0.15846783,-17.0,-10.0
155,0.003718569188730958,0.00013412760313340764,0.0024941407218648237,8.296648314853883e-05,0.006689054153866891,0.00023206168128808713,0.0041949134320020676,0.0001490951981395483,[],0.13081187,3.016667,3.0529518,0.15846798,-17.0,-10.0
156,0.003771248504089504,0.00013586187185833873,0.002633965767927293,8.671343624655492e-05,0.006903250429786567,0.00023849119264696128,0.004269284661859274,0.00015177775640040636,[],0.13081115,3.016667,3.0529518,0.15846895,-17.0,-10.0
157,0.0038266140800071805,0.00013766817148135155,0.002768278795883816,9.031498115064096e-05,0.007112988479093474,0.0002448099730258946,0.004344709683209658,0.00015449499187525362,[],0.13081025,3.016667,3.0529518,0.15846957,-17.0,-10.0
158,0.0038845577957538403,0.00013954394823227298,0.002897185787333001,9.378883754607159e-05,0.00731842783443426,0.0002510371973016845,0.004421242047101259,0.0001572483597556129,[],0.1308091,3.016667,3.0529518,0.15847011,-17.0,-10.0
159,0.003944969287567124,0.0001414863459976062,0.0030205745906641823,9.711988826666129e-05,0.007519507566939865,0.0002571591307400922,0.0044989329762756824,0.00016003924247343093,[],0.1308077,3.016667,3.0529518,0.15847075,-17.0,-10.0
160,0.004007746801179797,0.00014349287059727098,0.003138875680633646,0.00010032622998323859,0.007716707977124315,0.00026319519423623206,0.004577832296490669,0.00016286896425299346,[],0.13080601,3.016667,3.0529518,0.15847129,-17.0,-10.0
161,0.004072788019747583,0.0001455610547904201,0.0032520609283892554,0.00010340920965745681,0.007910047967925493,0.00026914802987221265,0.004657987039536238,0.00016573882021475583,[],0.13080402,3.016667,3.0529518,0.15847231,-17.0,-10.0
162,0.0041399632365203215,0.00014768798711170924,0.003358760838636954,0.00010634661606445661,0.008098203678855498,0.00027499666333596906,0.004739442840218544,0.00016865004727151245,[],0.1308017,3.016667,3.0529518,0.15847248,-17.0,-10.0
163,0.0042091743256053235,0.00014987129215197122,0.0034605544542500866,0.00010916525201309923,0.00828279652796482,0.0002807690615895808,0.004822242073714733,0.00017160380957648158,[],0.130799,3.016667,3.0529518,0.15847354,-17.0,-10.0
164,0.004280324676546349,0.00015210862309655233,0.0035575175470512477,0.00011186654722905587,0.008463943265269336,0.0002864677894081069,0.004906425718218088,0.00017460124217905104,[],0.13079591,3.016667,3.0529518,0.15847407,-17.0,-10.0
165,0.0043533193311116125,0.00015439767036551195,0.0036497327282631886,0.00011445236344798104,0.008641765151878644,0.00029209577081701354,0.004992032423615456,0.0001776434073690325,[],0.13079241,3.016667,3.0529518,0.15847476,-17.0,-10.0
166,0.004428065033643413,0.0001567361523822513,0.0037372851265899953,0.00011692410083696814,0.008816384103738528,0.00029765546827320577,0.005079098977148533,0.00018073136743623763,[],0.13078848,3.016667,3.0529518,0.1584754,-17.0,-10.0
167,0.004504470209230255,0.00015912182143975435,0.0038202587793421117,0.00011928345287515185,0.00898791908275598,0.0003031495502341386,0.005167660303413868,0.00018386609735898674,[],0.13078406,3.016667,3.0529518,0.15847635,-17.0,-10.0
168,0.004582446422681875,0.00016155247817974333,0.003898810672581021,0.0001215328369994495,0.009156560602605168,0.0003085813654593039,0.005257749930024147,0.00018704852845985442,[],0.13077916,3.016667,3.0529518,0.158477,-17.0,-10.0
169,0.004661946746691007,0.00016402358385985856,0.003975016200456594,0.00012355528400576077,0.009324415256742213,0.00031383486151526085,0.00534939905628562,0.00019027957750950009,[],0.13077374,3.016667,3.0529518,0.15847757,-17.0,-10.0
170,0.004742886987659637,0.00016653354000678184,0.0040470120484314975,0.00012549780734616434,0.009489649998613459,0.0003190578522094256,0.005442637950181961,0.00019356004486326128,[],0.13076778,3.016667,3.0529518,0.15847822,-17.0,-10.0
171,0.004825132938803342,0.00016907961174266012,0.004112297557185229,0.0001273035867939143,0.009649793039898213,0.00032419430311847464,0.005537495482712984,0.00019689071632456034,[],0.13076125,3.016667,3.0529518,0.15847923,-17.0,-10.0
172,0.004908593654435442,0.00017165945644561026,0.0041730357816049946,0.00012899223514750702,0.00980703397817706,0.0003292645400847505,0.005633998196572065,0.00020027230493724346,[],0.13075411,3.016667,3.0529518,0.15847991,-17.0,-10.0
173,0.004993187346098472,0.00017427108843403978,0.004229684583151538,0.0001305815994214754,0.009961854889297683,0.00033428709406280177,0.005732170306146145,0.00020370549464132637,[],0.13074636,3.016667,3.0529518,0.15848055,-17.0,-10.0
174,0.005078833793158316,0.00017691255505920375,0.004282322352992196,0.00013207333125819787,0.01011435651616921,0.00033926424242736175,0.005832034163177013,0.00020719091116916388,[],0.13073796,3.016667,3.0529518,0.15848157,-17.0,-10.0
175,0.005165445550245984,0.00017958136961706834,0.004330587854383339,0.00013344072789323036,0.010264198576805939,0.00034416989359442596,0.0059336107224226,0.0002107291657011956,[],0.13072889,3.016667,3.0529518,0.15848264,-17.0,-10.0
176,0.005252938899320049,0.00018227464017823544,0.004374667453703296,0.00013466352805835413,0.010411586995360267,0.0003489843247166391,0.006036919541656971,0.00021432079665828496,[],0.13071911,3.016667,3.0529518,0.15848327,-17.0,-10.0
177,0.0053413780381918125,0.00018499032720993122,0.004421956943588157,0.00013578435158478896,0.010563935259597201,0.0003537506358384235,0.006141978316009045,0.0002179662842536345,[],0.1307086,3.016667,3.0529518,0.15848391,-17.0,-10.0
178,0.005430685216269246,0.00018772663000359566,0.0044653589038716746,0.0001368151396832218,0.010714164575801988,0.00035848123383175334,0.006248805671930313,0.00022166609414853156,[],0.13069735,3.016667,3.0529518,0.158485,-17.0,-10.0
179,0.005520782416078197,0.0001904810133700324,0.004504859990447585,0.00013771916832183706,0.010862279294997279,0.00036313980211843955,0.006357419304549694,0.0002254206337966025,[],0.13068531,3.016667,3.0529518,0.15848607,-17.0,-10.0
180,0.005611607487843918,0.0001932402685085038,0.004541253588286054,0.00013796275692357085,0.01100908863463701,0.00036719300936738364,0.006467835046350956,0.0002292302524438128,[],0.13067247,3.016667,3.0529518,0.15848675,-17.0,-10.0
181,0.0057030863666834705,0.00019600348925305873,0.004573943941977632,0.00013816103722774642,0.011154011274811637,0.0003712560891813155,0.006580067332834005,0.00023309505195356905,[],0.13065879,3.016667,3.0529518,0.15848777,-17.0,-10.0
182,0.005795146880918088,0.00019876924588712095,0.004603025711730879,0.00013828783170311,0.011297154914245766,0.00037530295134047265,0.006694129202514887,0.00023701511963736266,[],0.13064426,3.016667,3.0529518,0.15848845,-17.0,-10.0
183,0.0058877223755000666,0.00020153607727107223,0.00462877472909895,0.00013834156919756424,0.011438807026024733,0.0003793320683485035,0.006810032296925783,0.00024099049915093929,[],0.13062884,3.016667,3.0529518,0.15848963,-17.0,-10.0
184,0.0059807374616132215,0.0002043026072211945,0.004650754305657756,0.0001383264975061138,0.011578541166272771,0.0003833477171042432,0.006927786860615015,0.0002450212195981294,[],0.13061251,3.016667,3.0529518,0.15849063,-17.0,-10.0
185,0.006074124389032709,0.0002070674972432301,0.004669346370974381,0.00013824450110178077,0.011716748112121422,0.00038735178208071375,0.007047401741147041,0.000249107280978933,[],0.13059525,3.016667,3.0529518,0.15849137,-17.0,-10.0
186,0.0061678168275095735,0.00020982943652794012,0.004684621923843224,0.00013809696423550122,0.011853506312945683,0.0003913456038731056,0.007168884389102459,0.00025324863963760436,[],0.13057703,3.016667,3.0529518,0.15849249,-17.0,-10.0
187,0.006261749808563086,0.0002125871425058961,0.004696649052675639,0.00013788529889779966,0.011988889910753642,0.0003953305362642823,0.007292240858078003,0.0002574452373664826,[],0.13055782,3.016667,3.0529518,0.15849356,-17.0,-10.0
188,0.0063558598296724585,0.00021533936375786318,0.0047055010554686305,0.00013761106259835287,0.012122976860155177,0.00039930804945242926,0.007417475804686546,0.0002616969868540764,[],0.1305376,3.016667,3.0529518,0.15849425,-17.0,-10.0
189,0.00645029790392005,0.00021811178340468024,0.0047219037123795715,0.00013862098234085352,0.012266496666597959,0.00040462475402591735,0.007544592954218388,0.00026600377168506384,[],0.13051634,3.016667,3.0529518,0.15849574,-17.0,-10.0
190,0.006545000562836553,0.00022090260669497757,0.004735132945825171,0.00013954116451486698,0.01240873177175672,0.00040990716382793835,0.007673598825931549,0.00027036599931307137,[],0.13049401,3.016667,3.0529518,0.15849692,-17.0,-10.0
191,0.006639902226469762,0.00022371009631197585,0.004745083181660448,0.0001403744808499141,0.012549582189421926,0.000415158528937809,0.007804499007761478,0.0002747840480878949,[],0.1304706,3.016667,3.0529518,0.1584976,-17.0,-10.0
192,0.006734938773551452,0.00022653254144157137,0.004751827354084526,0.0001411222564797754,0.012689124579083,0.0004203804946314449,0.007937297224998474,0.0002792582381516695,[],0.13044609,3.016667,3.0529518,0.15849872,-17.0,-10.0
193,0.006830169861113295,0.0002294099502918528,0.004761554378092114,0.00014387044251407133,0.012833550649702374,0.0004276593321606015,0.00807199627161026,0.00028378888964653015,[],0.13042043,3.016667,3.0529518,0.15849988,-17.0,-10.0
194,0.006925623079004485,0.00023233931259906631,0.004772660894559522,0.00014646811536067617,0.012981260767446656,0.00043484519477487993,0.008208599872887135,0.00028837707941420376,[],0.13039361,3.016667,3.0529518,0.15850097,-17.0,-10.0
195,0.00702123105127544,0.00023531796915531806,0.004780398613547732,0.00014893282781258677,0.013127511298989702,0.00044195668300517355,0.00834711268544197,0.0002930238551925868,[],0.1303656,3.016667,3.0529518,0.15850209,-17.0,-10.0
196,0.0071169212872694105,0.00023834249252982438,0.004784511799698521,0.0001512261687253158,0.013272049302941014,0.00044895637523723053,0.008487537503242493,0.00029773020651191473,[],0.13033637,3.016667,3.0529518,0.15850326,-17.0,-10.0
197,0.007212631008859948,0.0002414104749990714,0.0047854860795268905,0.00015339912346234996,0.01341536226846074,0.0004558961881571122,0.00862987618893385,0.00030249706469476223,[],0.1303059,3.016667,3.0529518,0.15850443,-17.0,-10.0
198,0.00730851375126736,0.000244517171028889,0.0047941371203705785,0.00015533480149088064,0.01356826586288662,0.00046266007524309316,0.00877412874251604,0.0003073252737522125,[],0.13027416,3.016667,3.0529518,0.1585056,-17.0,-10.0
199,0.007404503473825803,0.0002476602656824128,0.004799486127922137,0.00015715473267619018,0.013719785017201502,0.0004693703521638781,0.008920298889279366,0.00031221561948768795,[],0.13024114,3.016667,3.0529518,0.15850677,-17.0,-10.0
200,0.007500535204562089,0.0002508374799841989,0.004801586536814284,0.000158860715089304,0.013869975028683257,0.0004760295445862539,0.009068388491868973,0.0003171688294969499,[],0.1302068,3.016667,3.0529518,0.15850794,-17.0,-10.0
201,0.007596542835871564,0.0002540464178886453,0.004800381565473799,0.00016044689522232147,0.014018780978403811,0.0004826324683904204,0.009218399412930012,0.0003221855731680989,[],0.1301711,3.016667,3.0529518,0.158509,-17.0,-10.0
202,0.007692463348648066,0.0002572847710345344,0.0047960256388250855,0.0001619176572944525,0.014166356359964993,0.0004891841480798576,0.009370330721139908,0.00032726649078540504,[],0.13013406,3.016667,3.0529518,0.15851025,-17.0,-10.0
203,0.007788236369614656,0.000260550340300057,0.004788651048329484,0.0001632784632761286,0.014312830670860421,0.0004956906568054364,0.009524179622530937,0.00033241219352930784,[],0.13009562,3.016667,3.0529518,0.15851185,-17.0,-10.0
204,0.0078837834217477,0.00026384028001271543,0.00477735260665213,0.0001644969856329226,0.01445729686111008,0.0005021201909016781,0.00967994425445795,0.00033762320526875556,[],0.13005576,3.016667,3.0529518,0.15851296,-17.0,-10.0
205,0.007979045057272066,0.0002671526569505717,0.004763081776218314,0.00016561884689281214,0.01460070173652639,0.0005085188676616781,0.009837619960308075,0.00034290002076886594,[],0.13001446,3.016667,3.0529518,0.15851419,-17.0,-10.0
206,0.008073966425362648,0.0002704851047448359,0.004746068404529069,0.0001666223897132113,0.014743269556674932,0.0005148654663003072,0.009997201152145863,0.00034824307658709586,[],0.1299717,3.016667,3.0529518,0.15851578,-17.0,-10.0
207,0.00816849427765124,0.0002738354410629712,0.004726392614429642,0.00016751681590676526,0.014885072993820359,0.000521169596083837,0.010158680379390717,0.0003536527801770717,[],0.12992744,3.016667,3.0529518,0.158517,-17.0,-10.0
208,0.008262774410940671,0.0002772062019945737,0.004714006664471526,0.0001685380465801245,0.015036056855933566,0.0005276675273648834,0.01032205019146204,0.0003591294807847589,[],0.12988168,3.016667,3.0529518,0.15851818,-17.0,-10.0
209,0.008356757407217861,0.00028059517461170467,0.004699149813859549,0.00016944863085655015,0.015186455745606509,0.0005341222458241646,0.01048730593174696,0.0003646736149676144,[],0.12983438,3.016667,3.0529518,0.15851934,-17.0,-10.0
210,0.008450387354823084,0.0002840002813647119,0.004681497380261135,0.00017025533765036016,0.015335938461248588,0.0005405408696219638,0.010654441080987453,0.00037028553197160363,[],0.12978552,3.016667,3.0529518,0.15852094,-17.0,-10.0
211,0.008543597607148746,0.0002874186450216315,0.004660512616283086,0.00017091818284598048,0.015483961736208585,0.0005468837347848421,0.010823449119925499,0.0003759655519388616,[],0.12973508,3.016667,3.0529518,0.15852216,-17.0,-10.0
212,0.008636334410875185,0.00029084831578043703,0.004636840186321933,0.0001714835379402757,0.015631160921657283,0.0005531974747441382,0.01099432073533535,0.00038171393680386245,[],0.12968302,3.016667,3.0529518,0.15852387,-17.0,-10.0
213,0.008728541916042793,0.0002942918295488256,0.0046103752583803725,0.0001721756884194292,0.015777422803694208,0.0005597065787128486,0.011167047545313835,0.00038753089029341936,[],0.12962933,3.016667,3.0529518,0.15852503,-17.0,-10.0
214,0.008820169973259233,0.000297747228757686,0.0045814028608219814,0.00017276996044301995,0.01592302123481204,0.0005661866929926873,0.011341618373990059,0.00039341673254966736,[],0.12957397,3.016667,3.0529518,0.15852626,-17.0,-10.0
215,0.008911391037853952,0.00030120855768100806,0.00456105322973599,0.00017306644616610356,0.016079075275229116,0.0005724381134655232,0.011518022045493126,0.00039937166729941964,[],0.12951693,3.016667,3.0529518,0.15852788,-17.0,-10.0
216,0.009002180754286434,0.0003046743169713012,0.004539485821624112,0.00017328796451465678,0.016235735999543977,0.0005786838045764853,0.011696250177919865,0.0004053958400618285,[],0.12945819,3.016667,3.0529518,0.15852953,-17.0,-10.0
217,0.009092494882988154,0.0003081386924108359,0.004515706435086031,0.0001732187719767353,0.01639199989313056,0.0005847081101251206,0.011876293458044529,0.0004114893381483853,[],0.12939772,3.016667,3.0529518,0.15853076,-17.0,-10.0
218,0.009182282722467114,0.00031160018883579724,0.0044893919739479315,0.00017307482124806484,0.01654753547791188,0.0005907269245994939,0.012058143503963947,0.0004176521033514291,[],0.12933551,3.016667,3.0529518,0.15853198,-17.0,-10.0
219,0.009271417818035168,0.00031504853904235135,0.004456754778402683,0.0001724175103277048,0.016698543918209907,0.0005963016168948343,0.012241789139807224,0.0004238841065671295,[],0.1292715,3.016667,3.0529518,0.15853368,-17.0,-10.0
220,0.009359850839281769,0.00031848284951561836,0.0044216510623300564,0.00017171552366335163,0.01684886838938837,0.000601900609524364,0.012427217327058315,0.00043018508586101234,[],0.12920572,3.016667,3.0529518,0.15853532,-17.0,-10.0
221,0.009447757580909872,0.0003219025621532695,0.0043953370814051596,0.00017098563188255866,0.01700975117728376,0.0006075403820773317,0.012614414095878601,0.0004365547501947731,[],0.1291381,3.016667,3.0529518,0.1585365,-17.0,-10.0
222,0.009535087512266961,0.00032530627302290336,0.004366496567854483,0.00017018554348169346,0.017169865769574244,0.0006131783520118006,0.012803369201719761,0.00044299280853010714,[],0.12906863,3.016667,3.0529518,0.15853822,-17.0,-10.0
223,0.00962185833284753,0.00032869362251031485,0.00433854102902842,0.0001693674743705742,0.017332611566416745,0.0006188664150954537,0.012994070537388325,0.0004494989407248795,[],0.1289973,3.016667,3.0529518,0.15853986,-17.0,-10.0
224,0.009708264364270924,0.0003320626769388185,0.0043203015711696935,0.00016845272142518297,0.017506809429505665,0.0006245255480621381,0.013186507858335972,0.00045607282663695514,[],0.12892407,3.016667,3.0529518,0.15854162,-17.0,-10.0
225,0.009794249998139328,0.00033541209815066977,0.004299281693420198,0.00016747106059256112,0.01767995447607973,0.0006301851485090992,0.01338067278265953,0.0004627140879165381,[],0.12884894,3.016667,3.0529518,0.1585429,-17.0,-10.0
226,0.009879753220301843,0.0003387400615903574,0.004275161108125758,0.00016639817198438323,0.017851718967904162,0.0006358204890943853,0.013576557859778404,0.00046942231711000204,[],0.12877187,3.016667,3.0529518,0.15854454,-17.0,-10.0
227,0.009964846457095751,0.0003420734342406889,0.004254661839695473,0.0001666686325165756,0.018028814684839745,0.0006428657392802961,0.013774152845144272,0.0004761971067637205,[],0.12869284,3.016667,3.0529518,0.1585462,-17.0,-10.0
228,0.01004945509212053,0.0003454105392299028,0.004230431751238939,0.00016685524946069563,0.0182038811080929,0.000649893822753711,0.013973449356853962,0.00048303857329301536,[],0.12861182,3.016667,3.0529518,0.1585479,-17.0,-10.0
229,0.010133525245163815,0.0003487495925386669,0.004203507652164262,0.00016695266543820253,0.01837794573384599,0.0006568994694475805,0.014174438081681728,0.000489946804009378,[],0.1285288,3.016667,3.0529518,0.15854917,-17.0,-10.0
230,0.010216989508843886,0.0003520871765678352,0.004173213184003544,0.00016687920145841417,0.018550321959082794,0.000663800971267392,0.01437710877507925,0.0004969217698089778,[],0.12844376,3.016667,3.0529518,0.15855135,-17.0,-10.0
231,0.01029979611239401,0.00035542165253528435,0.004140330177506257,0.000166723798372459,0.01872177857603674,0.0006706872981681045,0.014581448398530483,0.0005039634997956455,[],0.12835668,3.016667,3.0529518,0.15855257,-17.0,-10.0
232,0.01038189293114488,0.0003587504675530512,0.004104840937543486,0.00016644075088834143,0.018892284851062868,0.0006775126866500614,0.014787443913519382,0.0005110719357617199,[],0.12826754,3.016667,3.0529518,0.15855476,-17.0,-10.0
233,0.010463467699063818,0.0003620719304157377,0.004078738395946857,0.00016607314313432653,0.019073819746154186,0.0006843201044262059,0.014995081350207329,0.0005182469612918794,[],0.12817632,3.016667,3.0529518,0.15855646,-17.0,-10.0
234,0.01054447258167716,0.00036538449879313376,0.004050244130667124,0.00016562841886980095,0.019254594594713126,0.0006911168206329421,0.015204350464046001,0.0005254884017631412,[],0.12808298,3.016667,3.0529518,0.15855768,-17.0,-10.0
235,0.010624858399332202,0.00036868664197837136,0.004019290882752102,0.00016510715926187913,0.019434530961916607,0.0006979032418144016,0.015415240079164505,0.0005327960825525224,[],0.1279875,3.016667,3.0529518,0.15855941,-17.0,-10.0
236,0.010704573906004275,0.00037197693013663995,0.003985775333603669,0.00016451440791342975,0.01961351342197304,0.0007046842369504702,0.01562773808836937,0.0005401698290370405,[],0.12788989,3.016667,3.0529518,0.15856121,-17.0,-10.0
237,0.010783569087924893,0.00037525376983322205,0.003949759096030903,0.00016384198482910506,0.01979158775520773,0.0007114513350074958,0.015841828659176826,0.0005476093501783907,[],0.1277901,3.016667,3.0529518,0.15856291,-17.0,-10.0
238,0.010861791995920843,0.00037851562212122775,0.003911145399797533,0.00016309261440028422,0.019968646015513514,0.0007182070275462138,0.01605750061571598,0.0005551144131459296,[],0.12768811,3.016667,3.0529518,0.15856501,-17.0,-10.0
239,0.01093919547421979,0.00038176138678491626,0.0038701739149473724,0.00016228823318442664,0.02014491110912786,0.000724972960085779,0.01627473719418049,0.0005626847269013524,[],0.1275839,3.016667,3.0529518,0.15856637,-17.0,-10.0
240,0.011015833528180568,0.0003849780445258661,0.0038319026980389026,0.00016083288704749066,0.02032542432880291,0.0007311528292461844,0.016493521630764008,0.0005703199421986938,[],0.12747748,3.016667,3.0529518,0.15856843,-17.0,-10.0
241,0.011091656759289666,0.00038816433242882923,0.0037911615554548916,0.00015931439514815793,0.020505000579760235,0.0007373338721095024,0.016713839024305344,0.0005780194769613445,[],0.12736881,3.016667,3.0529518,0.15857017,-17.0,-10.0
242,0.011166579888958271,0.0003913388137536062,0.0037461564834302408,0.00015872406623884672,0.020681829094428394,0.0007445068153515422,0.016935672610998154,0.0005857827491126955,[],0.12725787,3.016667,3.0529518,0.15857193,-17.0,-10.0
243,0.011240561922403917,0.00039449893050996836,0.003699101672282268,0.00015800583781810928,0.020858105436673213,0.0007516153636402123,0.017159003764390945,0.000593609525822103,[],0.12714463,3.016667,3.0529518,0.1585741,-17.0,-10.0
244,0.011313561980386343,0.00039764331213487495,0.0036500028991213185,0.00015721908124533002,0.021033818619798694,0.0007587185972965926,0.017383815720677376,0.0006014995160512626,[],0.12702909,3.016667,3.0529518,0.15857549,-17.0,-10.0
245,0.011385716294443458,0.00040073275371324275,0.003607715702855785,0.00015447207891838843,0.02121780183097144,0.0007639244494725972,0.017610086128115654,0.0006094523705542088,[],0.12691122,3.016667,3.0529518,0.15857767,-17.0,-10.0
246,0.011457015194827594,0.00040376046876841105,0.003564945019206789,0.00015138575275841504,0.021402745104751375,0.00076885279435146,0.017837800085544586,0.000617467041593045,[],0.126791,3.016667,3.0529518,0.15857942,-17.0,-10.0
247,0.01152741138577699,0.0004067262692623503,0.0035198095474697766,0.00014829002469696206,0.021586750376627606,0.0007738322732961933,0.01806694082915783,0.0006255422485992312,[],0.12666841,5.0000005,3.0529518,0.15858112,-17.0,-10.0
248,0.011606731159226231,0.00040992373890244967,0.003965988672462117,0.00015987348200496854,0.02226347840496601,0.0007935502512168569,0.01829748973250389,0.0006336767692118883,[],0.3621129774598142,5.0000005,5.039099,0.15858288,-17.0,-10.0
249,0.011694343702455857,0.00041336667017586156,0.004380627161481243,0.00017214656367059433,0.02291025090835319,0.0008140218237144836,0.018529623746871948,0.0006418752600438893,[],0.36211294,5.0000005,5.039099,0.15858509,-17.0,-10.0
